C_a,algorithm,cost_sensitive_policy,label_matching_policy,cost_sensitive_cumulative_reward_mean,label_matching_cumulative_reward_mean,difference
1.0,EpsilonGreedy,CS_EpsilonGreedy,LM_EpsilonGreedy,-8963.112000000001,-10415.164,1452.0519999999997
5.0,EpsilonGreedy,CS_EpsilonGreedy,LM_EpsilonGreedy,-25367.23,-27775.964,2408.7340000000004
10.0,EpsilonGreedy,CS_EpsilonGreedy,LM_EpsilonGreedy,-46867.23,-49476.964,2609.7339999999967
20.0,EpsilonGreedy,CS_EpsilonGreedy,LM_EpsilonGreedy,-90616.722,-92878.964,2262.242000000013
50.0,EpsilonGreedy,CS_EpsilonGreedy,LM_EpsilonGreedy,-224122.444,-223084.964,-1037.4799999999814
1.0,LinUCB,CS_LinUCB,LM_LinUCB,-5675.183999999999,-3056.434,-2618.749999999999
5.0,LinUCB,CS_LinUCB,LM_LinUCB,-3069.7000000000003,-3449.2340000000004,379.5340000000001
10.0,LinUCB,CS_LinUCB,LM_LinUCB,-3509.7,-3940.234,430.5340000000001
20.0,LinUCB,CS_LinUCB,LM_LinUCB,-4439.7,-4922.234,482.53400000000056
50.0,LinUCB,CS_LinUCB,LM_LinUCB,-8604.680000000002,-7868.234000000001,-736.4460000000008
1.0,LinTS,CS_LinTS,LM_LinTS,-19147.734,-5834.352000000001,-13313.382
5.0,LinTS,CS_LinTS,LM_LinTS,-3051.7000000000003,-6161.552000000001,3109.8520000000003
10.0,LinTS,CS_LinTS,LM_LinTS,-3491.7,-6570.552000000001,3078.8520000000008
20.0,LinTS,CS_LinTS,LM_LinTS,-4443.7,-7388.551999999999,2944.851999999999
50.0,LinTS,CS_LinTS,LM_LinTS,-8330.138,-9842.552,1512.4139999999989
1.0,BootstrappedUCB,CS_BootstrappedUCB,LM_BootstrappedUCB,-2944.04,-5462.2880000000005,2518.2480000000005
5.0,BootstrappedUCB,CS_BootstrappedUCB,LM_BootstrappedUCB,-3078.618,-5772.688,2694.07
10.0,BootstrappedUCB,CS_BootstrappedUCB,LM_BootstrappedUCB,-3528.618,-6160.688,2632.07
20.0,BootstrappedUCB,CS_BootstrappedUCB,LM_BootstrappedUCB,-5713.176,-6936.688,1223.5119999999997
50.0,BootstrappedUCB,CS_BootstrappedUCB,LM_BootstrappedUCB,-9852.776000000002,-9264.688,-588.0880000000016
1.0,BootstrappedTS,CS_BootstrappedTS,LM_BootstrappedTS,-3185.7560000000003,-5226.9,2041.1439999999993
5.0,BootstrappedTS,CS_BootstrappedTS,LM_BootstrappedTS,-3419.6020000000003,-5541.3,2121.698
10.0,BootstrappedTS,CS_BootstrappedTS,LM_BootstrappedTS,-3929.878,-5934.3,2004.422
20.0,BootstrappedTS,CS_BootstrappedTS,LM_BootstrappedTS,-4845.28,-6720.3,1875.0200000000004
50.0,BootstrappedTS,CS_BootstrappedTS,LM_BootstrappedTS,-9915.252,-9078.3,-836.9520000000011
