policy,group,n_seeds,full_info_cumulative_reward,policy_cumulative_reward_mean,extra_cost_mean,extra_cost_std
PartialInfoOnline,No exploration,1,-3360.2200000000007,-6437.380000000001,3077.1600000000003,
CS_LinTS,Bandits (explore),5,-3360.2200000000007,-3491.7,131.47999999999956,13.038404810405298
CS_LinUCB,Bandits (explore),5,-3360.2200000000007,-3509.7,149.47999999999956,0.0
CS_BootstrappedUCB,Bandits (explore),5,-3360.2200000000007,-3528.618,168.3979999999995,131.74465309833246
CS_BootstrappedTS,Bandits (explore),5,-3360.2200000000007,-3929.8780000000006,569.6579999999993,491.6687988066761
CS_EpsilonGreedy,Bandits (explore),5,-3360.2200000000007,-46867.23,43507.009999999995,980.7819686607239
XGBoost,Supervised (frozen),1,-3360.2200000000007,-3313.1800000000003,-47.04000000000042,
RandomForest,Supervised (frozen),5,-3360.2200000000007,-5993.314,2633.094,591.4475924627642
LogisticRegression,Supervised (frozen),1,-3360.2200000000007,-136071.69999999998,132711.47999999998,
