C_a,policy,n_seeds,TP_mean,TP_std,TN_mean,TN_std,FP_mean,FP_std,FN_mean,FN_std,precision_mean,precision_std,recall_mean,recall_std,f1_mean,f1_std,auprc_mean,auprc_std,cumulative_reward_mean,cumulative_reward_std,cumulative_regret_mean,cumulative_regret_std
1.0,CS_EpsilonGreedy,5,81.8,2.6832815729997477,78663.4,1831.3318377617957,6671.6,1831.3318377617968,26.2,2.6832815729997477,0.012690421968007477,0.002689178463303245,0.7574074074074074,0.02484519974999766,0.02494587838893215,0.0052106497637368875,0.6943708221700867,0.09438751476883024,-8963.112000000001,1953.3708554112313,8870.522,1953.3708554112313
1.0,CS_LinUCB,5,86.6,0.8944271909999173,81175.4,365.3735075234642,4159.6,365.37350752346566,21.4,0.8944271909999161,0.020516370290806378,0.0017630929432329166,0.8018518518518519,0.008281733249999246,0.04000176638673745,0.003329841042094082,0.7594482712072246,0.0003928220196027947,-5675.183999999999,365.47636665043126,5582.594,365.47636665043126
1.0,CS_LinTS,5,97.0,9.82344135219425,66970.8,11564.797758715886,18364.2,11564.797758715888,11.0,9.82344135219425,0.023424186985930833,0.04190674201408405,0.8981481481481481,0.09095779029809489,0.04238974807477892,0.07396327180994083,0.653775496705817,0.26797474862519044,-19147.734,10655.106553734224,19055.144,10655.106553734224
1.0,CS_BootstrappedUCB,5,83.4,0.8944271909999173,84792.2,520.0934531408747,542.8,520.0934531408755,24.6,0.8944271909999161,0.1923497814934691,0.10182547478184623,0.7722222222222223,0.008281733249999262,0.2964481746706116,0.1335052887519235,0.7332542264645782,0.05552445436869516,-2944.04,111.09130479024886,2851.45,111.09130479024886
1.0,CS_BootstrappedTS,5,85.2,0.8366600265340762,83856.8,745.9180249866594,1478.2,745.9180249866603,22.8,0.8366600265340757,0.06303797212968125,0.022934275312377645,0.788888888888889,0.00774685209753773,0.11584835835145657,0.03976488787906127,0.7530049674707466,0.008235766085654487,-3185.7560000000003,404.61506500623534,3093.166,404.61506500623534
1.0,LM_EpsilonGreedy,5,69.6,7.368853370776215,81064.4,90.33437883773867,4270.6,90.33437883773821,38.4,7.3688533707762165,0.01603838261815583,0.0017136438038322316,0.6444444444444445,0.06823012380348349,0.03129758025453838,0.0033414934013099307,0.533356393574278,0.02697207319565077,-10415.164,1637.0225251443549,10322.574,1637.0225251443549
1.0,LM_LinUCB,5,79.2,3.033150177620621,85316.0,1.581138830082464,19.0,1.5811388300841893,28.8,3.03315017762062,0.8067043517011548,0.009896046006418503,0.7333333333333333,0.02808472386685761,0.7679783217634879,0.014903770870154221,0.7649265616439244,0.015186480234983719,-3056.434,408.34429980103835,2963.844,408.34429980103835
1.0,LM_LinTS,5,70.8,12.173742234826559,85324.0,4.123105625616006,11.0,4.123105625617661,37.2,12.17374223482656,0.8682345991478485,0.027913767682644034,0.6555555555555556,0.11271983550765334,0.7416229713147303,0.07079917975857479,0.7414195724804428,0.045462259635314965,-5834.352000000001,3384.860572648451,5741.762000000001,3384.860572648451
1.0,LM_BootstrappedUCB,5,72.6,2.3021728866442683,85330.0,2.1213203435596424,5.0,2.1213203435596424,35.4,2.3021728866442674,0.9361539450441889,0.02517861320175927,0.6722222222222223,0.02131641561707658,0.7822508106233989,0.016496928339208617,0.6642437393744217,0.01895990594256317,-5462.2880000000005,871.5198450809941,5369.697999999999,871.5198450809941
1.0,LM_BootstrappedTS,5,72.4,3.209361307176243,85328.8,1.3038404810415063,6.2,1.3038404810405297,35.6,3.209361307176242,0.9208568261007285,0.018029427221245516,0.6703703703703703,0.029716308399779994,0.7757682878847493,0.02548140008355595,0.6490248943258023,0.02190995790950079,-5226.9,1534.9225598869805,5134.3099999999995,1534.9225598869798
1.0,LogisticRegression,1,66.0,,47299.0,,38036.0,,42.0,,0.001732192535824891,,0.6111111111111112,,0.003454593038471604,,0.7470716926962336,,-38133.55,,38040.96000000001,
1.0,RandomForest,5,53.6,0.5477225575051652,82687.0,92.78469701410896,2648.0,92.78469701410896,54.4,0.5477225575051652,0.01986348479718694,0.0008605419520487833,0.4962962962962963,0.005071505162084856,0.038196808153761086,0.0016043704792905477,0.8222525861489837,0.0030049525142272376,-3593.936,681.0068714998401,3501.346,681.0068714998401
1.0,XGBoost,1,51.0,,84970.0,,365.0,,57.0,,0.12259615384615384,,0.4722222222222222,,0.1946564885496183,,0.7990362537074601,,-2578.03,,2485.44,
5.0,CS_EpsilonGreedy,5,80.0,2.5495097567963922,80968.2,113.79015774661714,4366.8,113.79015774661708,28.0,2.5495097567963922,0.017999426996085106,0.0007146595895897632,0.7407407407407407,0.023606571822188824,0.035144441949837665,0.001383202873205581,0.742677705075842,0.022197384510934164,-25367.23,1035.5715426999723,25032.399999999998,1035.5715426999723
5.0,CS_LinUCB,5,83.0,0.0,85312.0,0.0,23.0,0.0,25.0,0.0,0.7830188679245284,0.0,0.7685185185185185,0.0,0.7757009345794392,0.0,0.7568110267938989,6.682683557717848e-05,-3069.7000000000003,0.0,2734.8700000000003,0.0
5.0,CS_LinTS,5,83.0,0.0,85315.6,2.9664793948396757,19.4,2.9664793948382653,25.0,0.0,0.8110886506440401,0.02338010133524381,0.7685185185185185,0.0,0.7890985542290752,0.01109759740869546,0.7596986278967057,0.0006250005572153549,-3051.7000000000003,14.832396974191335,2716.8700000000003,14.832396974191335
5.0,CS_BootstrappedUCB,5,82.8,0.44721359549995915,85323.0,3.464101615136967,12.0,3.464101615137755,25.2,0.44721359549995815,0.8743083917176893,0.03062983785765805,0.7666666666666666,0.0041408666249995625,0.8167503003246122,0.01395651457953706,0.7544770451045062,0.005514800861828016,-3078.618,143.97066930454955,2743.7880000000005,143.97066930454955
5.0,CS_BootstrappedTS,5,81.6,1.6733200530681527,85276.6,56.53582934741374,58.4,56.535829347414726,26.4,1.6733200530681511,0.6527928547011053,0.2253716242221007,0.7555555555555555,0.015493704195075416,0.6840311747336509,0.14699977376609627,0.7475680499374233,0.023260019426118876,-3419.6020000000003,535.7526901659008,3084.772,535.7526901659008
5.0,LM_EpsilonGreedy,5,69.6,7.368853370776215,81064.4,90.33437883773867,4270.6,90.33437883773821,38.4,7.3688533707762165,0.01603838261815583,0.0017136438038322316,0.6444444444444445,0.06823012380348349,0.03129758025453838,0.0033414934013099307,0.533356393574278,0.02697207319565077,-27775.964,1692.8568220112402,27441.134,1692.8568220112402
5.0,LM_LinUCB,5,79.2,3.033150177620621,85316.0,1.581138830082464,19.0,1.5811388300841893,28.8,3.03315017762062,0.8067043517011548,0.009896046006418503,0.7333333333333333,0.02808472386685761,0.7679783217634879,0.014903770870154221,0.7649265616439244,0.015186480234983719,-3449.2340000000004,393.06213144997855,3114.4040000000005,393.06213144997855
5.0,LM_LinTS,5,70.8,12.173742234826559,85324.0,4.123105625616006,11.0,4.123105625617661,37.2,12.17374223482656,0.8682345991478485,0.027913767682644034,0.6555555555555556,0.11271983550765334,0.7416229713147303,0.07079917975857479,0.7414195724804428,0.045462259635314965,-6161.552000000001,3324.0753451554015,5826.722000000001,3324.0753451554015
5.0,LM_BootstrappedUCB,5,72.6,2.3021728866442683,85330.0,2.1213203435596424,5.0,2.1213203435596424,35.4,2.3021728866442674,0.9361539450441889,0.02517861320175927,0.6722222222222223,0.02131641561707658,0.7822508106233989,0.016496928339208617,0.6642437393744217,0.01895990594256317,-5772.688,859.9710997295194,5437.858,859.9710997295194
5.0,LM_BootstrappedTS,5,72.4,3.209361307176243,85328.8,1.3038404810415063,6.2,1.3038404810405297,35.6,3.209361307176242,0.9208568261007285,0.018029427221245516,0.6703703703703703,0.029716308399779994,0.7757682878847493,0.02548140008355595,0.6490248943258023,0.02190995790950079,-5541.3,1530.770813952892,5206.469999999999,1530.770813952892
5.0,LogisticRegression,1,53.0,,65109.0,,20226.0,,55.0,,0.0026135411016322305,,0.49074074074074076,,0.005199391769264728,,0.7470716926962336,,-101479.78,,101144.95,
5.0,RandomForest,5,42.6,0.5477225575051652,84463.8,12.397580409096651,871.2,12.397580409095951,65.4,0.5477225575051684,0.04662522522498401,0.0008642648264892706,0.3944444444444445,0.005071505162084856,0.08339184851577615,0.0014622166245538061,0.8222525861489837,0.0030049525142272376,-5514.836,602.6716627069839,5180.006,602.6716627069839
5.0,XGBoost,1,41.0,,85221.0,,114.0,,67.0,,0.2645161290322581,,0.37962962962962965,,0.311787072243346,,0.7990362537074601,,-2964.9500000000007,,2630.120000000001,
10.0,CS_EpsilonGreedy,5,80.0,2.5495097567963922,81041.6,63.76362599476302,4293.4,63.76362599476288,28.0,2.5495097567963922,0.018293400512344765,0.0005535438983444602,0.7407407407407407,0.023606571822188824,0.03570487806041651,0.0010786620490538788,0.7555716835619685,0.003999216148163362,-46867.229999999996,980.7819686607207,46276.52,980.7819686607207
10.0,CS_LinUCB,5,83.0,0.0,85321.0,0.0,14.0,0.0,25.0,0.0,0.8556701030927835,0.0,0.7685185185185185,0.0,0.8097560975609757,0.0,0.7529036297377105,4.3219977156923655e-05,-3509.7,0.0,2918.9900000000002,0.0
10.0,CS_LinTS,5,83.0,0.0,85322.8,1.3038404810394137,12.2,1.30384048104053,25.0,0.0,0.8719790187521888,0.011890874407000152,0.7685185185185185,0.0,0.8169559868680961,0.00523125342949094,0.7592130861817207,0.000670348036913919,-3491.7,13.038404810405341,2900.9900000000002,13.038404810405341
10.0,CS_BootstrappedUCB,5,82.8,0.44721359549995915,85325.4,0.8944271909984923,9.6,0.8944271909999161,25.2,0.44721359549995815,0.8962007168458781,0.008335163787095987,0.7666666666666666,0.0041408666249995625,0.826353083069501,0.0010787603690636108,0.7546659798713126,0.0017267035625296429,-3528.618,131.74465309833246,2937.9080000000004,131.74465309833246
10.0,CS_BootstrappedTS,5,81.4,1.5165750888103104,85317.8,11.584472366059343,17.2,11.584472366059664,26.6,1.51657508881031,0.8340041129223048,0.09181945620014044,0.7537037037037037,0.014042361933428784,0.7898849859763691,0.044819819823103284,0.7527866749040808,0.009099922876375302,-3929.8779999999997,491.6687988066763,3339.168,491.6687988066762
10.0,LM_EpsilonGreedy,5,69.6,7.368853370776215,81064.4,90.33437883773867,4270.6,90.33437883773821,38.4,7.3688533707762165,0.01603838261815583,0.0017136438038322316,0.6444444444444445,0.06823012380348349,0.03129758025453838,0.0033414934013099307,0.533356393574278,0.02697207319565077,-49476.964,1862.9593553886255,48886.254,1862.9593553886284
10.0,LM_LinUCB,5,79.2,3.033150177620621,85316.0,1.581138830082464,19.0,1.5811388300841893,28.8,3.03315017762062,0.8067043517011548,0.009896046006418503,0.7333333333333333,0.02808472386685761,0.7679783217634879,0.014903770870154221,0.7649265616439244,0.015186480234983719,-3940.2339999999995,374.1761673062568,3349.524,374.1761673062568
10.0,LM_LinTS,5,70.8,12.173742234826559,85324.0,4.123105625616006,11.0,4.123105625617661,37.2,12.17374223482656,0.8682345991478485,0.027913767682644034,0.6555555555555556,0.11271983550765334,0.7416229713147303,0.07079917975857479,0.7414195724804428,0.045462259635314965,-6570.552000000001,3248.1961386698927,5979.842000000001,3248.196138669893
10.0,LM_BootstrappedUCB,5,72.6,2.3021728866442683,85330.0,2.1213203435596424,5.0,2.1213203435596424,35.4,2.3021728866442674,0.9361539450441889,0.02517861320175927,0.6722222222222223,0.02131641561707658,0.7822508106233989,0.016496928339208617,0.6642437393744217,0.01895990594256317,-6160.688,845.6140416111831,5569.978,845.6140416111831
10.0,LM_BootstrappedTS,5,72.4,3.209361307176243,85328.8,1.3038404810415063,6.2,1.3038404810405297,35.6,3.209361307176242,0.9208568261007285,0.018029427221245516,0.6703703703703703,0.029716308399779994,0.7757682878847493,0.02548140008355595,0.6490248943258023,0.02190995790950079,-5934.3,1525.6434084837783,5343.589999999999,1525.6434084837776
10.0,LogisticRegression,1,44.0,,71801.0,,13534.0,,64.0,,0.00324053616143762,,0.4074074074074074,,0.006429928393979249,,0.7470716926962336,,-136071.69999999998,,135480.99,
10.0,RandomForest,5,39.2,0.8366600265340751,84894.0,16.673332000533257,441.0,16.673332000533065,68.8,0.8366600265340751,0.081706034217622,0.0031676241433586647,0.362962962962963,0.007746852097537728,0.1333662395214645,0.004470186327564921,0.8222525861489837,0.0030049525142272376,-5993.314,591.4475924627643,5402.604000000001,591.4475924627643
10.0,XGBoost,1,37.0,,85263.0,,72.0,,71.0,,0.3394495412844037,,0.3425925925925926,,0.34101382488479265,,0.7990362537074601,,-3313.1800000000003,,2722.4700000000003,
20.0,CS_EpsilonGreedy,5,77.6,2.966479394838266,81048.8,62.62347802541665,4286.2,62.62347802541783,30.4,2.966479394838265,0.017789197730382324,0.0008335343936250123,0.7185185185185186,0.027467401804058,0.034718690910943574,0.001618394999386113,0.7562488618519058,0.0032355225515273904,-90616.722,1593.3191208982591,89575.662,1593.3191208982591
20.0,CS_LinUCB,5,83.0,0.0,85323.0,0.0,12.0,0.0,25.0,0.0,0.8736842105263157,0.0,0.7685185185185185,0.0,0.8177339901477831,0.0,0.7518340691237044,1.0665561743887848e-05,-4439.7,0.0,3398.6400000000003,0.0
20.0,CS_LinTS,5,83.0,0.0,85322.8,0.8366600265355975,12.2,0.8366600265340753,25.0,0.0,0.8719027622247107,0.0076839461012103046,0.7685185185185185,0.0,0.816940227781109,0.0033679992912074336,0.7575501351317524,0.0014689441407700276,-4443.7,16.73320053068141,3402.6400000000003,16.73320053068156
20.0,CS_BootstrappedUCB,5,73.4,13.612494260788507,85328.6,3.5071355833496733,6.4,3.5071355833500366,34.6,13.612494260788505,0.9233420385610757,0.030737104729644627,0.6796296296296296,0.12604161352581947,0.7758621837715849,0.087272273167937,0.7522350001692937,0.0013105740669339526,-5713.1759999999995,1954.9292778844965,4672.116,1954.9292778844967
20.0,CS_BootstrappedTS,5,79.8,3.7682887362833544,85325.6,0.8944271910010344,9.4,0.8944271909999157,28.2,3.768288736283354,0.8944785364614158,0.010931545008038276,0.7388888888888889,0.034891562372993984,0.8089973616764661,0.024057953978541942,0.7536107648903974,0.003071456760886384,-4845.28,769.8913706166608,3804.22,769.8913706166605
20.0,LM_EpsilonGreedy,5,69.6,7.368853370776215,81064.4,90.33437883773867,4270.6,90.33437883773821,38.4,7.3688533707762165,0.01603838261815583,0.0017136438038322316,0.6444444444444445,0.06823012380348349,0.03129758025453838,0.0033414934013099307,0.533356393574278,0.02697207319565077,-92878.964,2433.4808895551128,91837.90400000001,2433.4808895551128
20.0,LM_LinUCB,5,79.2,3.033150177620621,85316.0,1.581138830082464,19.0,1.5811388300841893,28.8,3.03315017762062,0.8067043517011548,0.009896046006418503,0.7333333333333333,0.02808472386685761,0.7679783217634879,0.014903770870154221,0.7649265616439244,0.015186480234983719,-4922.2339999999995,337.2799047971878,3881.174,337.27990479718744
20.0,LM_LinTS,5,70.8,12.173742234826559,85324.0,4.123105625616006,11.0,4.123105625617661,37.2,12.17374223482656,0.8682345991478485,0.027913767682644034,0.6555555555555556,0.11271983550765334,0.7416229713147303,0.07079917975857479,0.7414195724804428,0.045462259635314965,-7388.551999999999,3096.8105633490077,6347.492,3096.810563349008
20.0,LM_BootstrappedUCB,5,72.6,2.3021728866442683,85330.0,2.1213203435596424,5.0,2.1213203435596424,35.4,2.3021728866442674,0.9361539450441889,0.02517861320175927,0.6722222222222223,0.02131641561707658,0.7822508106233989,0.016496928339208617,0.6642437393744217,0.01895990594256317,-6936.688,817.1803579198419,5895.628,817.1803579198423
20.0,LM_BootstrappedTS,5,72.4,3.209361307176243,85328.8,1.3038404810415063,6.2,1.3038404810405297,35.6,3.209361307176242,0.9208568261007285,0.018029427221245516,0.6703703703703703,0.029716308399779994,0.7757682878847493,0.02548140008355595,0.6490248943258023,0.02190995790950079,-6720.3,1515.5988452918534,5679.24,1515.5988452918532
20.0,LogisticRegression,1,41.0,,76895.0,,8440.0,,67.0,,0.004834335573635185,,0.37962962962962965,,0.009547095121667251,,0.7470716926962336,,-169952.1,,168911.04,
20.0,RandomForest,5,37.6,0.547722557505166,85153.4,9.607288899578903,181.6,9.607288899580361,70.4,0.5477225575051667,0.1717653093869233,0.006891951138264309,0.3481481481481482,0.005071505162084863,0.2299597721734843,0.006274269435471919,0.8222525861489837,0.0030049525142272376,-6165.85,216.45013455759278,5124.790000000001,216.45013455759292
20.0,XGBoost,1,35.0,,85298.0,,37.0,,73.0,,0.4861111111111111,,0.32407407407407407,,0.3888888888888889,,0.7990362537074601,,-4308.18,,3267.1200000000003,
50.0,CS_EpsilonGreedy,5,60.8,11.344602240713423,81053.8,65.81185303575691,4281.2,65.81185303575644,47.2,11.344602240713423,0.01399020062718249,0.0025440789746283368,0.562962962962963,0.1050426133399391,0.0273017928475082,0.004967556894306555,0.756962237203366,0.002107136376522858,-224122.444,3698.3301429807543,221876.544,3698.3301429807543
50.0,CS_LinUCB,5,80.0,0.0,85324.0,0.0,11.0,0.0,28.0,0.0,0.8791208791208792,0.0,0.7407407407407407,0.0,0.8040201005025127,0.0,0.7108871945562312,5.0267000227283265e-05,-8604.680000000002,0.0,6358.7800000000025,0.0
50.0,CS_LinTS,5,78.8,4.324349662087931,85326.0,2.73861278752417,9.0,2.738612787525831,29.2,4.324349662087931,0.8990134553696405,0.024124547265892637,0.7296296296296296,0.0400402746489623,0.8044578353585046,0.016134438879579986,0.752955166900539,0.0014035297095165399,-8330.138,1068.6091809075947,6084.238,1068.609180907595
50.0,CS_BootstrappedUCB,5,65.8,15.530614926653742,85331.2,1.7888543819990184,3.8,1.7888543819998317,42.2,15.530614926653742,0.9456293706293707,0.017044333834414498,0.6092592592592593,0.1438019900616087,0.7328867676102699,0.11020286996626455,0.7473677007227018,0.008802287144417923,-9852.776000000002,2024.9299066831911,7606.876000000001,2024.929906683191
50.0,CS_BootstrappedTS,5,62.0,16.688319268278637,85330.8,3.4205262752972545,4.2,3.420526275297414,46.0,16.688319268278637,0.9424049250612356,0.03222165038370483,0.5740740740740741,0.15452147470628366,0.7017236909834107,0.11576635930660265,0.752278214477007,0.000915434472564237,-9915.252,2397.681487827355,7669.352000000002,2397.681487827355
50.0,LM_EpsilonGreedy,5,69.6,7.368853370776215,81064.4,90.33437883773867,4270.6,90.33437883773821,38.4,7.3688533707762165,0.01603838261815583,0.0017136438038322316,0.6444444444444445,0.06823012380348349,0.03129758025453838,0.0033414934013099307,0.533356393574278,0.02697207319565077,-223084.964,4817.416764182833,220839.064,4817.416764182846
50.0,LM_LinUCB,5,79.2,3.033150177620621,85316.0,1.581138830082464,19.0,1.5811388300841893,28.8,3.03315017762062,0.8067043517011548,0.009896046006418503,0.7333333333333333,0.02808472386685761,0.7679783217634879,0.014903770870154221,0.7649265616439244,0.015186480234983719,-7868.234000000001,238.4271884244744,5622.334000000001,238.4271884244741
50.0,LM_LinTS,5,70.8,12.173742234826559,85324.0,4.123105625616006,11.0,4.123105625617661,37.2,12.17374223482656,0.8682345991478485,0.027913767682644034,0.6555555555555556,0.11271983550765334,0.7416229713147303,0.07079917975857479,0.7414195724804428,0.045462259635314965,-9842.552,2646.4028784880798,7596.652,2646.4028784880807
50.0,LM_BootstrappedUCB,5,72.6,2.3021728866442683,85330.0,2.1213203435596424,5.0,2.1213203435596424,35.4,2.3021728866442674,0.9361539450441889,0.02517861320175927,0.6722222222222223,0.02131641561707658,0.7822508106233989,0.016496928339208617,0.6642437393744217,0.01895990594256317,-9264.688,734.5104678423571,7018.7880000000005,734.5104678423571
50.0,LM_BootstrappedTS,5,72.4,3.209361307176243,85328.8,1.3038404810415063,6.2,1.3038404810405297,35.6,3.209361307176242,0.9208568261007285,0.018029427221245516,0.6703703703703703,0.029716308399779994,0.7757682878847493,0.02548140008355595,0.6490248943258023,0.02190995790950079,-9078.3,1487.1973674835508,6832.4,1487.197367483551
50.0,LogisticRegression,1,33.0,,81207.0,,4128.0,,75.0,,0.007930785868781542,,0.3055555555555556,,0.015460295151089246,,0.7470716926962336,,-208841.52,,206595.62,
50.0,RandomForest,5,28.2,0.44721359549995765,85295.0,3.240370349203369,40.0,3.24037034920393,79.8,0.44721359549995715,0.41422051239583296,0.020956583031744865,0.2611111111111111,0.004140866624999631,0.32018546939518877,0.00833149176095804,0.8222525861489837,0.0030049525142272376,-6452.53,351.775920153725,4206.629999999999,351.77592015372574
50.0,XGBoost,1,29.0,,85312.0,,23.0,,79.0,,0.5576923076923077,,0.26851851851851855,,0.3625,,0.7990362537074601,,-5718.02,,3472.1200000000003,
