C_a,policy,seed,TP,TN,FP,FN,precision,recall,f1,auprc,cumulative_reward,cumulative_regret
1.0,CS_EpsilonGreedy,42,79,79865,5470,29,0.014236799423319516,0.7314814814814815,0.02792999823227859,0.7518723857541854,-7518.38,7425.79
1.0,CS_EpsilonGreedy,43,85,79512,5823,23,0.014387271496276235,0.7870370370370371,0.028257978723404253,0.7513295460049255,-7348.5199999999995,7255.929999999999
1.0,CS_EpsilonGreedy,44,83,75671,9664,25,0.008515440648404638,0.7685185185185185,0.016844241501775752,0.5348497071466741,-12179.820000000003,12087.230000000003
1.0,CS_EpsilonGreedy,45,79,80097,5238,29,0.014858002633063758,0.7314814814814815,0.02912442396313364,0.753116291618575,-8561.250000000002,8468.660000000002
1.0,CS_EpsilonGreedy,46,83,78172,7163,25,0.011454595638973226,0.7685185185185185,0.022572749524068535,0.6806861803260739,-9207.59,9115.0
1.0,CS_LinUCB,42,85,81829,3506,23,0.023670286828181564,0.7870370370370371,0.04595836712625033,0.7587455698161121,-5021.4,4928.8099999999995
1.0,CS_LinUCB,43,87,81012,4323,21,0.019727891156462583,0.8055555555555556,0.03851261620185923,0.7596239465550026,-5838.63,5746.04
1.0,CS_LinUCB,44,87,81012,4323,21,0.019727891156462583,0.8055555555555556,0.03851261620185923,0.7596239465550026,-5838.63,5746.04
1.0,CS_LinUCB,45,87,81012,4323,21,0.019727891156462583,0.8055555555555556,0.03851261620185923,0.7596239465550026,-5838.63,5746.04
1.0,CS_LinUCB,46,87,81012,4323,21,0.019727891156462583,0.8055555555555556,0.03851261620185923,0.7596239465550026,-5838.63,5746.04
1.0,CS_LinTS,42,89,71889,13446,19,0.00657554488363502,0.8240740740740741,0.01304698380121674,0.7557724636807326,-13763.570000000002,13670.980000000001
1.0,CS_LinTS,43,105,60148,25187,3,0.004151510359006801,0.9722222222222222,0.00826771653543307,0.7884579048832606,-25302.06,25209.47
1.0,CS_LinTS,44,105,55151,30184,3,0.0034666050381326552,0.9722222222222222,0.0069085765042602885,0.175329636936731,-30299.06,30206.47
1.0,CS_LinTS,45,102,63101,22234,6,0.0045666189111747855,0.9444444444444444,0.009089288896809839,0.7914392930311588,-22981.05,22888.46
1.0,CS_LinTS,46,84,84565,770,24,0.09836065573770492,0.7777777777777778,0.17463617463617465,0.757878184997202,-3392.9300000000003,3300.34
1.0,CS_BootstrappedUCB,42,85,83883,1452,23,0.05530253741054001,0.7870370370370371,0.10334346504559269,0.7555774206411972,-2967.4,2874.81
1.0,CS_BootstrappedUCB,43,83,84932,403,25,0.17078189300411523,0.7685185185185185,0.27946127946127947,0.7575791836167276,-3025.7000000000003,2933.11
1.0,CS_BootstrappedUCB,44,83,84894,441,25,0.15839694656488548,0.7685185185185185,0.2626582278481013,0.6339743442997859,-3063.7000000000003,2971.11
1.0,CS_BootstrappedUCB,45,83,85162,173,25,0.32421875,0.7685185185185185,0.45604395604395603,0.7591912482397462,-2795.7000000000003,2703.11
1.0,CS_BootstrappedUCB,46,83,85090,245,25,0.2530487804878049,0.7685185185185185,0.38073394495412843,0.759948935525434,-2867.7000000000003,2775.11
1.0,CS_BootstrappedTS,42,86,82663,2672,22,0.03118201595358956,0.7962962962962963,0.06001395673412421,0.7545488863137043,-3554.1000000000004,3461.51
1.0,CS_BootstrappedTS,43,85,84286,1049,23,0.07495590828924162,0.7870370370370371,0.13687600644122383,0.7384563544064585,-2575.7200000000003,2483.13
1.0,CS_BootstrappedTS,44,86,83586,1749,22,0.046866485013623976,0.7962962962962963,0.0885229027277406,0.7570924506959595,-3276.94,3184.35
1.0,CS_BootstrappedTS,45,84,84433,902,24,0.08519269776876268,0.7777777777777778,0.1535648994515539,0.7580959097032336,-3513.3900000000003,3420.8
1.0,CS_BootstrappedTS,46,85,84316,1019,23,0.0769927536231884,0.7870370370370371,0.14026402640264027,0.7568312362343772,-3008.63,2916.04
1.0,LM_EpsilonGreedy,42,68,81092,4243,40,0.01577360241243331,0.6296296296296297,0.030776193708983934,0.5437671699724378,-12725.67,12633.08
1.0,LM_EpsilonGreedy,43,75,80954,4381,33,0.016831238779174147,0.6944444444444444,0.03286590709903593,0.49076724263037547,-10086.92,9994.33
1.0,LM_EpsilonGreedy,44,68,80990,4345,40,0.015409018808067075,0.6296296296296297,0.0300818403008184,0.5375801065232355,-9868.699999999999,9776.109999999999
1.0,LM_EpsilonGreedy,45,78,81173,4162,30,0.01839622641509434,0.7222222222222222,0.035878564857405704,0.5643510623398821,-8293.02,8200.43
1.0,LM_EpsilonGreedy,46,59,81113,4222,49,0.013781826676010278,0.5462962962962963,0.02688539530644794,0.5303163864054591,-11101.510000000002,11008.920000000002
1.0,LM_LinUCB,42,81,85317,18,27,0.8181818181818182,0.75,0.7826086956521738,0.7732316573031277,-2756.48,2663.89
1.0,LM_LinUCB,43,75,85318,17,33,0.8152173913043478,0.6944444444444444,0.7499999999999999,0.7398554740056542,-3506.7700000000004,3414.1800000000003
1.0,LM_LinUCB,44,81,85314,21,27,0.7941176470588235,0.75,0.7714285714285715,0.7735736999357431,-2759.48,2666.89
1.0,LM_LinUCB,45,82,85315,20,26,0.803921568627451,0.7592592592592593,0.780952380952381,0.7766427431917476,-2758.7200000000003,2666.13
1.0,LM_LinUCB,46,77,85316,19,31,0.8020833333333334,0.7129629629629629,0.7549019607843137,0.7613292337833492,-3500.7200000000007,3408.1300000000006
1.0,LM_LinTS,42,75,85327,8,33,0.9036144578313253,0.6944444444444444,0.7853403141361257,0.741183434143485,-4328.69,4236.099999999999
1.0,LM_LinTS,43,61,85327,8,47,0.8840579710144928,0.5648148148148148,0.6892655367231638,0.6809056943193742,-9436.12,9343.53
1.0,LM_LinTS,44,82,85319,16,26,0.8367346938775511,0.7592592592592593,0.796116504854369,0.7807195796861393,-2914.0900000000006,2821.5000000000005
1.0,LM_LinTS,45,81,85320,15,27,0.84375,0.75,0.7941176470588235,0.7897659871048368,-2950.8400000000006,2858.2500000000005
1.0,LM_LinTS,46,55,85327,8,53,0.873015873015873,0.5092592592592593,0.6432748538011696,0.7145231671483784,-9542.02,9449.43
1.0,LM_BootstrappedUCB,42,72,85330,5,36,0.935064935064935,0.6666666666666666,0.7783783783783784,0.6596647699273251,-5075.7300000000005,4983.14
1.0,LM_BootstrappedUCB,43,74,85327,8,34,0.9024390243902439,0.6851851851851852,0.7789473684210526,0.6705432004938066,-4734.96,4642.37
1.0,LM_BootstrappedUCB,44,75,85330,5,33,0.9375,0.6944444444444444,0.7978723404255319,0.6859456868713617,-4897.75,4805.16
1.0,LM_BootstrappedUCB,45,69,85330,5,39,0.9324324324324325,0.6388888888888888,0.7582417582417582,0.6347563825781797,-6863.86,6771.2699999999995
1.0,LM_BootstrappedUCB,46,73,85333,2,35,0.9733333333333334,0.6759259259259259,0.7978142076502733,0.6703086570014354,-5739.14,5646.55
1.0,LM_BootstrappedTS,42,72,85330,5,36,0.935064935064935,0.6666666666666666,0.7783783783783784,0.6464169507475532,-3521.8199999999997,3429.2299999999996
1.0,LM_BootstrappedTS,43,74,85329,6,34,0.925,0.6851851851851852,0.7872340425531915,0.6632043399764364,-4633.37,4540.78
1.0,LM_BootstrappedTS,44,77,85330,5,31,0.9390243902439024,0.7129629629629629,0.8105263157894737,0.6776120783522122,-4301.74,4209.15
1.0,LM_BootstrappedTS,45,69,85327,8,39,0.8961038961038961,0.6388888888888888,0.7459459459459459,0.6356066265862629,-7075.54,6982.95
1.0,LM_BootstrappedTS,46,70,85328,7,38,0.9090909090909091,0.6481481481481481,0.7567567567567568,0.6222844759665473,-6602.03,6509.44
1.0,LogisticRegression,,66,47299,38036,42,0.001732192535824891,0.6111111111111112,0.003454593038471604,0.7470716926962336,-38133.55,38040.96000000001
1.0,RandomForest,42,54,82716,2619,54,0.020202020202020204,0.5,0.03883495145631068,0.8265550880002713,-3126.54,3033.95
1.0,RandomForest,43,54,82818,2517,54,0.021003500583430573,0.5,0.040313549832026875,0.8212756300304096,-3024.54,2931.95
1.0,RandomForest,44,53,82626,2709,55,0.019188993482983346,0.49074074074074076,0.036933797909407665,0.8224522167317802,-4312.53,4219.94
1.0,RandomForest,45,53,82575,2760,55,0.018841094916459297,0.49074074074074076,0.036288942143101674,0.8227703166768275,-4363.53,4270.94
1.0,RandomForest,46,54,82700,2635,54,0.02008181480104128,0.5,0.03861279942795852,0.8182096793056296,-3142.54,3049.95
1.0,XGBoost,,51,84970,365,57,0.12259615384615384,0.4722222222222222,0.1946564885496183,0.7990362537074601,-2578.03,2485.44
5.0,CS_EpsilonGreedy,42,78,81026,4309,30,0.01777980396626396,0.7222222222222222,0.034705228031145716,0.7587795829772045,-25001.37,24666.539999999997
5.0,CS_EpsilonGreedy,43,84,80968,4367,24,0.01887216355875084,0.7777777777777778,0.0368501864443957,0.7599358930727327,-24792.51,24457.679999999997
5.0,CS_EpsilonGreedy,44,78,80813,4522,30,0.016956521739130436,0.7222222222222222,0.03313508920985557,0.7096471530091331,-27199.66,26864.829999999998
5.0,CS_EpsilonGreedy,45,79,81116,4219,29,0.018380642159143788,0.7314814814814815,0.035860190649114845,0.7552154741313969,-24734.25,24399.42
5.0,CS_EpsilonGreedy,46,81,80918,4417,27,0.018008003557136505,0.75,0.03517151541467651,0.7298104221887429,-25108.36,24773.53
5.0,CS_LinUCB,42,83,85312,23,25,0.7830188679245284,0.7685185185185185,0.7757009345794392,0.7566914833162415,-3069.7000000000003,2734.8700000000003
5.0,CS_LinUCB,43,83,85312,23,25,0.7830188679245284,0.7685185185185185,0.7757009345794392,0.7568409126633132,-3069.7000000000003,2734.8700000000003
5.0,CS_LinUCB,44,83,85312,23,25,0.7830188679245284,0.7685185185185185,0.7757009345794392,0.7568409126633132,-3069.7000000000003,2734.8700000000003
5.0,CS_LinUCB,45,83,85312,23,25,0.7830188679245284,0.7685185185185185,0.7757009345794392,0.7568409126633132,-3069.7000000000003,2734.8700000000003
5.0,CS_LinUCB,46,83,85312,23,25,0.7830188679245284,0.7685185185185185,0.7757009345794392,0.7568409126633132,-3069.7000000000003,2734.8700000000003
5.0,CS_LinTS,42,83,85319,16,25,0.8383838383838383,0.7685185185185185,0.8019323671497585,0.7601710496146182,-3034.7000000000003,2699.8700000000003
5.0,CS_LinTS,43,83,85313,22,25,0.7904761904761904,0.7685185185185185,0.7793427230046949,0.7592010337983955,-3064.7000000000003,2729.8700000000003
5.0,CS_LinTS,44,83,85317,18,25,0.8217821782178217,0.7685185185185185,0.7942583732057416,0.7595838749640272,-3044.7000000000003,2709.8700000000003
5.0,CS_LinTS,45,83,85317,18,25,0.8217821782178217,0.7685185185185185,0.7942583732057416,0.7604996045194824,-3044.7000000000003,2709.8700000000003
5.0,CS_LinTS,46,83,85312,23,25,0.7830188679245284,0.7685185185185185,0.7757009345794392,0.7590375765870054,-3069.7000000000003,2734.8700000000003
5.0,CS_BootstrappedUCB,42,83,85317,18,25,0.8217821782178217,0.7685185185185185,0.7942583732057416,0.750773640196691,-3044.7000000000003,2709.8700000000003
5.0,CS_BootstrappedUCB,43,83,85325,10,25,0.8924731182795699,0.7685185185185185,0.8258706467661692,0.757212836885023,-3004.7000000000003,2669.8700000000003
5.0,CS_BootstrappedUCB,44,82,85323,12,26,0.8723404255319149,0.7592592592592593,0.8118811881188118,0.7467493196404397,-3334.29,2999.46
5.0,CS_BootstrappedUCB,45,83,85325,10,25,0.8924731182795699,0.7685185185185185,0.8258706467661692,0.7576143111310929,-3004.7000000000003,2669.8700000000003
5.0,CS_BootstrappedUCB,46,83,85325,10,25,0.8924731182795699,0.7685185185185185,0.8258706467661692,0.7600351176692848,-3004.7000000000003,2669.8700000000003
5.0,CS_BootstrappedTS,42,79,85193,142,29,0.3574660633484163,0.7314814814814815,0.48024316109422494,0.706093230264483,-4218.86,3884.0299999999997
5.0,CS_BootstrappedTS,43,82,85320,15,26,0.845360824742268,0.7592592592592593,0.8,0.7578377201231246,-3024.7000000000003,2689.8700000000003
5.0,CS_BootstrappedTS,44,83,85308,27,25,0.7545454545454545,0.7685185185185185,0.7614678899082569,0.759240593629553,-3089.7000000000003,2754.8700000000003
5.0,CS_BootstrappedTS,45,81,85243,92,27,0.4682080924855491,0.75,0.5765124555160142,0.7549387734301716,-3730.05,3395.2200000000003
5.0,CS_BootstrappedTS,46,83,85319,16,25,0.8383838383838383,0.7685185185185185,0.8019323671497585,0.7597299322397846,-3034.7000000000003,2699.8700000000003
5.0,LM_EpsilonGreedy,42,68,81092,4243,40,0.01577360241243331,0.6296296296296297,0.030776193708983934,0.5437671699724378,-29969.67,29634.839999999997
5.0,LM_EpsilonGreedy,43,75,80954,4381,33,0.016831238779174147,0.6944444444444444,0.03286590709903593,0.49076724263037547,-27910.92,27576.089999999997
5.0,LM_EpsilonGreedy,44,68,80990,4345,40,0.015409018808067075,0.6296296296296297,0.0300818403008184,0.5375801065232355,-27520.7,27185.87
5.0,LM_EpsilonGreedy,45,78,81173,4162,30,0.01839622641509434,0.7222222222222222,0.035878564857405704,0.5643510623398821,-25253.02,24918.19
5.0,LM_EpsilonGreedy,46,59,81113,4222,49,0.013781826676010278,0.5462962962962963,0.02688539530644794,0.5303163864054591,-28225.51,27890.679999999997
5.0,LM_LinUCB,42,81,85317,18,27,0.8181818181818182,0.75,0.7826086956521738,0.7732316573031277,-3152.48,2817.65
5.0,LM_LinUCB,43,75,85318,17,33,0.8152173913043478,0.6944444444444444,0.7499999999999999,0.7398554740056542,-3874.7700000000004,3539.9400000000005
5.0,LM_LinUCB,44,81,85314,21,27,0.7941176470588235,0.75,0.7714285714285715,0.7735736999357431,-3167.48,2832.65
5.0,LM_LinUCB,45,82,85315,20,26,0.803921568627451,0.7592592592592593,0.780952380952381,0.7766427431917476,-3166.7200000000003,2831.8900000000003
5.0,LM_LinUCB,46,77,85316,19,31,0.8020833333333334,0.7129629629629629,0.7549019607843137,0.7613292337833492,-3884.7200000000007,3549.890000000001
5.0,LM_LinTS,42,75,85327,8,33,0.9036144578313253,0.6944444444444444,0.7853403141361257,0.741183434143485,-4660.69,4325.86
5.0,LM_LinTS,43,61,85327,8,47,0.8840579710144928,0.5648148148148148,0.6892655367231638,0.6809056943193742,-9712.12,9377.29
5.0,LM_LinTS,44,82,85319,16,26,0.8367346938775511,0.7592592592592593,0.796116504854369,0.7807195796861393,-3306.0900000000006,2971.2600000000007
5.0,LM_LinTS,45,81,85320,15,27,0.84375,0.75,0.7941176470588235,0.7897659871048368,-3334.8400000000006,3000.0100000000007
5.0,LM_LinTS,46,55,85327,8,53,0.873015873015873,0.5092592592592593,0.6432748538011696,0.7145231671483784,-9794.02,9459.19
5.0,LM_BootstrappedUCB,42,72,85330,5,36,0.935064935064935,0.6666666666666666,0.7783783783783784,0.6596647699273251,-5383.7300000000005,5048.900000000001
5.0,LM_BootstrappedUCB,43,74,85327,8,34,0.9024390243902439,0.6851851851851852,0.7789473684210526,0.6705432004938066,-5062.96,4728.13
5.0,LM_BootstrappedUCB,44,75,85330,5,33,0.9375,0.6944444444444444,0.7978723404255319,0.6859456868713617,-5217.750000000001,4882.920000000001
5.0,LM_BootstrappedUCB,45,69,85330,5,39,0.9324324324324325,0.6388888888888888,0.7582417582417582,0.6347563825781797,-7159.86,6825.03
5.0,LM_BootstrappedUCB,46,73,85333,2,35,0.9733333333333334,0.6759259259259259,0.7978142076502733,0.6703086570014354,-6039.14,5704.31
5.0,LM_BootstrappedTS,42,72,85330,5,36,0.935064935064935,0.6666666666666666,0.7783783783783784,0.6464169507475532,-3829.82,3494.9900000000002
5.0,LM_BootstrappedTS,43,74,85329,6,34,0.925,0.6851851851851852,0.7872340425531915,0.6632043399764364,-4953.37,4618.54
5.0,LM_BootstrappedTS,44,77,85330,5,31,0.9390243902439024,0.7129629629629629,0.8105263157894737,0.6776120783522122,-4629.74,4294.91
5.0,LM_BootstrappedTS,45,69,85327,8,39,0.8961038961038961,0.6388888888888888,0.7459459459459459,0.6356066265862629,-7383.54,7048.71
5.0,LM_BootstrappedTS,46,70,85328,7,38,0.9090909090909091,0.6481481481481481,0.7567567567567568,0.6222844759665473,-6910.03,6575.2
5.0,LogisticRegression,,53,65109,20226,55,0.0026135411016322305,0.49074074074074076,0.005199391769264728,0.7470716926962336,-101479.78,101144.95
5.0,RandomForest,42,43,84476,859,65,0.04767184035476718,0.39814814814814814,0.08514851485148514,0.8265550880002713,-5017.04,4682.21
5.0,RandomForest,43,43,84471,864,65,0.047409040793825796,0.39814814814814814,0.08472906403940886,0.8212756300304096,-5042.04,4707.21
5.0,RandomForest,44,42,84469,866,66,0.046255506607929514,0.3888888888888889,0.08267716535433071,0.8224522167317802,-6144.030000000001,5809.200000000001
5.0,RandomForest,45,42,84458,877,66,0.04570184983677911,0.3888888888888889,0.08179162609542356,0.8227703166768275,-6199.030000000001,5864.200000000001
5.0,RandomForest,46,43,84445,890,65,0.04608788853161844,0.39814814814814814,0.08261287223823247,0.8182096793056296,-5172.04,4837.21
5.0,XGBoost,,41,85221,114,67,0.2645161290322581,0.37962962962962965,0.311787072243346,0.7990362537074601,-2964.9500000000007,2630.120000000001
10.0,CS_EpsilonGreedy,42,78,81029,4306,30,0.017791970802919707,0.7222222222222222,0.034728406055209264,0.758869450281395,-46906.369999999995,46315.659999999996
10.0,CS_EpsilonGreedy,43,84,80973,4362,24,0.018893387314439947,0.7777777777777778,0.03689064558629777,0.7601233404141353,-46997.509999999995,46406.799999999996
10.0,CS_EpsilonGreedy,44,78,80993,4342,30,0.01764705882352941,0.7222222222222222,0.03445229681978798,0.7523440072458265,-48399.659999999996,47808.95
10.0,CS_EpsilonGreedy,45,79,81124,4211,29,0.018414918414918414,0.7314814814814815,0.035925420645748066,0.7556360894456762,-46144.24999999999,45553.53999999999
10.0,CS_EpsilonGreedy,46,81,81089,4246,27,0.01871966720591634,0.75,0.03652762119503946,0.7508855304228096,-45888.36,45297.65
10.0,CS_LinUCB,42,83,85321,14,25,0.8556701030927835,0.7685185185185185,0.8097560975609756,0.7528263154921834,-3509.7000000000003,2918.9900000000002
10.0,CS_LinUCB,43,83,85321,14,25,0.8556701030927835,0.7685185185185185,0.8097560975609756,0.7529229582990923,-3509.7000000000003,2918.9900000000002
10.0,CS_LinUCB,44,83,85321,14,25,0.8556701030927835,0.7685185185185185,0.8097560975609756,0.7529229582990923,-3509.7000000000003,2918.9900000000002
10.0,CS_LinUCB,45,83,85321,14,25,0.8556701030927835,0.7685185185185185,0.8097560975609756,0.7529229582990923,-3509.7000000000003,2918.9900000000002
10.0,CS_LinUCB,46,83,85321,14,25,0.8556701030927835,0.7685185185185185,0.8097560975609756,0.7529229582990923,-3509.7000000000003,2918.9900000000002
10.0,CS_LinTS,42,83,85323,12,25,0.8736842105263158,0.7685185185185185,0.8177339901477831,0.75987963919568,-3489.7000000000003,2898.9900000000002
10.0,CS_LinTS,43,83,85321,14,25,0.8556701030927835,0.7685185185185185,0.8097560975609756,0.7584378181938951,-3509.7000000000003,2918.9900000000002
10.0,CS_LinTS,44,83,85324,11,25,0.8829787234042553,0.7685185185185185,0.8217821782178217,0.7595360477120059,-3479.7000000000003,2888.9900000000002
10.0,CS_LinTS,45,83,85324,11,25,0.8829787234042553,0.7685185185185185,0.8217821782178217,0.7596649251766117,-3479.7000000000003,2888.9900000000002
10.0,CS_LinTS,46,83,85322,13,25,0.8645833333333334,0.7685185185185185,0.8137254901960784,0.7585470006304109,-3499.7000000000003,2908.9900000000002
10.0,CS_BootstrappedUCB,42,83,85325,10,25,0.8924731182795699,0.7685185185185185,0.8258706467661692,0.7540176662266206,-3469.7000000000003,2878.9900000000002
10.0,CS_BootstrappedUCB,43,83,85325,10,25,0.8924731182795699,0.7685185185185185,0.8258706467661692,0.755138411150066,-3469.7000000000003,2878.9900000000002
10.0,CS_BootstrappedUCB,44,82,85327,8,26,0.9111111111111111,0.7592592592592593,0.8282828282828282,0.7522977317859112,-3764.29,3173.58
10.0,CS_BootstrappedUCB,45,83,85325,10,25,0.8924731182795699,0.7685185185185185,0.8258706467661692,0.7548340478130987,-3469.7000000000003,2878.9900000000002
10.0,CS_BootstrappedUCB,46,83,85325,10,25,0.8924731182795699,0.7685185185185185,0.8258706467661692,0.7570420423808666,-3469.7000000000003,2878.9900000000002
10.0,CS_BootstrappedTS,42,80,85300,35,28,0.6956521739130435,0.7407407407407407,0.7174887892376681,0.7368520026613431,-4692.94,4102.23
10.0,CS_BootstrappedTS,43,80,85326,9,28,0.898876404494382,0.7407407407407407,0.8121827411167513,0.7562834533921804,-4121.76,3531.05
10.0,CS_BootstrappedTS,44,83,85325,10,25,0.8924731182795699,0.7685185185185185,0.8258706467661692,0.7583735333699129,-3469.7000000000003,2878.9900000000002
10.0,CS_BootstrappedTS,45,83,85312,23,25,0.7830188679245284,0.7685185185185185,0.7757009345794392,0.7539305466114318,-3599.7000000000003,3008.9900000000002
10.0,CS_BootstrappedTS,46,81,85326,9,27,0.9,0.75,0.8181818181818182,0.7584938384855358,-3765.29,3174.58
10.0,LM_EpsilonGreedy,42,68,81092,4243,40,0.01577360241243331,0.6296296296296297,0.030776193708983934,0.5437671699724378,-51524.670000000006,50933.96000000001
10.0,LM_EpsilonGreedy,43,75,80954,4381,33,0.016831238779174147,0.6944444444444444,0.03286590709903593,0.49076724263037547,-50190.92,49600.21
10.0,LM_EpsilonGreedy,44,68,80990,4345,40,0.015409018808067075,0.6296296296296297,0.0300818403008184,0.5375801065232355,-49585.7,48994.99
10.0,LM_EpsilonGreedy,45,78,81173,4162,30,0.01839622641509434,0.7222222222222222,0.035878564857405704,0.5643510623398821,-46453.02,45862.31
10.0,LM_EpsilonGreedy,46,59,81113,4222,49,0.013781826676010278,0.5462962962962963,0.02688539530644794,0.5303163864054591,-49630.51,49039.8
10.0,LM_LinUCB,42,81,85317,18,27,0.8181818181818182,0.75,0.7826086956521738,0.7732316573031277,-3647.48,3056.77
10.0,LM_LinUCB,43,75,85318,17,33,0.8152173913043478,0.6944444444444444,0.7499999999999999,0.7398554740056542,-4334.7699999999995,3744.0599999999995
10.0,LM_LinUCB,44,81,85314,21,27,0.7941176470588235,0.75,0.7714285714285715,0.7735736999357431,-3677.48,3086.77
10.0,LM_LinUCB,45,82,85315,20,26,0.803921568627451,0.7592592592592593,0.780952380952381,0.7766427431917476,-3676.7200000000003,3086.01
10.0,LM_LinUCB,46,77,85316,19,31,0.8020833333333334,0.7129629629629629,0.7549019607843137,0.7613292337833492,-4364.72,3774.01
10.0,LM_LinTS,42,75,85327,8,33,0.9036144578313253,0.6944444444444444,0.7853403141361257,0.741183434143485,-5075.69,4484.98
10.0,LM_LinTS,43,61,85327,8,47,0.8840579710144928,0.5648148148148148,0.6892655367231638,0.6809056943193742,-10057.12,9466.410000000002
10.0,LM_LinTS,44,82,85319,16,26,0.8367346938775511,0.7592592592592593,0.796116504854369,0.7807195796861393,-3796.0900000000006,3205.3800000000006
10.0,LM_LinTS,45,81,85320,15,27,0.84375,0.75,0.7941176470588235,0.7897659871048368,-3814.8400000000006,3224.1300000000006
10.0,LM_LinTS,46,55,85327,8,53,0.873015873015873,0.5092592592592593,0.6432748538011696,0.7145231671483784,-10109.02,9518.310000000001
10.0,LM_BootstrappedUCB,42,72,85330,5,36,0.935064935064935,0.6666666666666666,0.7783783783783784,0.6596647699273251,-5768.7300000000005,5178.02
10.0,LM_BootstrappedUCB,43,74,85327,8,34,0.9024390243902439,0.6851851851851852,0.7789473684210526,0.6705432004938066,-5472.96,4882.25
10.0,LM_BootstrappedUCB,44,75,85330,5,33,0.9375,0.6944444444444444,0.7978723404255319,0.6859456868713617,-5617.750000000001,5027.040000000001
10.0,LM_BootstrappedUCB,45,69,85330,5,39,0.9324324324324325,0.6388888888888888,0.7582417582417582,0.6347563825781797,-7529.86,6939.15
10.0,LM_BootstrappedUCB,46,73,85333,2,35,0.9733333333333334,0.6759259259259259,0.7978142076502733,0.6703086570014354,-6414.14,5823.43
10.0,LM_BootstrappedTS,42,72,85330,5,36,0.935064935064935,0.6666666666666666,0.7783783783783784,0.6464169507475532,-4214.82,3624.1099999999997
10.0,LM_BootstrappedTS,43,74,85329,6,34,0.925,0.6851851851851852,0.7872340425531915,0.6632043399764364,-5353.37,4762.66
10.0,LM_BootstrappedTS,44,77,85330,5,31,0.9390243902439024,0.7129629629629629,0.8105263157894737,0.6776120783522122,-5039.74,4449.03
10.0,LM_BootstrappedTS,45,69,85327,8,39,0.8961038961038961,0.6388888888888888,0.7459459459459459,0.6356066265862629,-7768.54,7177.83
10.0,LM_BootstrappedTS,46,70,85328,7,38,0.9090909090909091,0.6481481481481481,0.7567567567567568,0.6222844759665473,-7295.03,6704.32
10.0,LogisticRegression,,44,71801,13534,64,0.00324053616143762,0.4074074074074074,0.006429928393979249,0.7470716926962336,-136071.69999999998,135480.99
10.0,RandomForest,42,40,84909,426,68,0.08583690987124463,0.37037037037037035,0.13937282229965156,0.8265550880002713,-5190.9800000000005,4600.27
10.0,RandomForest,43,38,84893,442,70,0.07916666666666666,0.35185185185185186,0.1292517006802721,0.8212756300304096,-6438.670000000001,5847.960000000001
10.0,RandomForest,44,39,84912,423,69,0.08441558441558442,0.3611111111111111,0.1368421052631579,0.8224522167317802,-6247.97,5657.26
10.0,RandomForest,45,39,84883,452,69,0.07942973523421588,0.3611111111111111,0.1302170283806344,0.8227703166768275,-6537.97,5947.26
10.0,RandomForest,46,40,84873,462,68,0.0796812749003984,0.37037037037037035,0.13114754098360656,0.8182096793056296,-5550.9800000000005,4960.27
10.0,XGBoost,,37,85263,72,71,0.3394495412844037,0.3425925925925926,0.34101382488479265,0.7990362537074601,-3313.1800000000003,2722.4700000000003
20.0,CS_EpsilonGreedy,42,73,81033,4302,35,0.016685714285714286,0.6759259259259259,0.03256747713584653,0.7583592515210728,-90946.51999999999,89905.45999999999
20.0,CS_EpsilonGreedy,43,77,80978,4357,31,0.017365809652683806,0.7129629629629629,0.033905768383971815,0.7602967598572669,-91874.81999999999,90833.76
20.0,CS_EpsilonGreedy,44,78,81006,4329,30,0.017699115044247787,0.7222222222222222,0.03455149501661129,0.751849822028381,-92339.66,91298.6
20.0,CS_EpsilonGreedy,45,79,81124,4211,29,0.018414918414918414,0.7314814814814815,0.035925420645748066,0.7556301728212048,-89044.25,88003.19
20.0,CS_EpsilonGreedy,46,81,81103,4232,27,0.01878043125434732,0.75,0.036643293372540145,0.7551083030316034,-88878.36,87837.3
20.0,CS_LinUCB,42,83,85323,12,25,0.8736842105263158,0.7685185185185185,0.8177339901477831,0.7518149899868424,-4439.7,3398.64
20.0,CS_LinUCB,43,83,85323,12,25,0.8736842105263158,0.7685185185185185,0.8177339901477831,0.7518388389079199,-4439.7,3398.64
20.0,CS_LinUCB,44,83,85323,12,25,0.8736842105263158,0.7685185185185185,0.8177339901477831,0.7518388389079199,-4439.7,3398.64
20.0,CS_LinUCB,45,83,85323,12,25,0.8736842105263158,0.7685185185185185,0.8177339901477831,0.7518388389079199,-4439.7,3398.64
20.0,CS_LinUCB,46,83,85323,12,25,0.8736842105263158,0.7685185185185185,0.8177339901477831,0.7518388389079199,-4439.7,3398.64
20.0,CS_LinTS,42,83,85322,13,25,0.8645833333333334,0.7685185185185185,0.8137254901960784,0.7587941861041848,-4459.7,3418.64
20.0,CS_LinTS,43,83,85322,13,25,0.8645833333333334,0.7685185185185185,0.8137254901960784,0.7575288483860209,-4459.7,3418.64
20.0,CS_LinTS,44,83,85323,12,25,0.8736842105263158,0.7685185185185185,0.8177339901477831,0.7551749969278723,-4439.7,3398.64
20.0,CS_LinTS,45,83,85324,11,25,0.8829787234042553,0.7685185185185185,0.8217821782178217,0.7587499434910814,-4419.7,3378.64
20.0,CS_LinTS,46,83,85323,12,25,0.8736842105263158,0.7685185185185185,0.8177339901477831,0.7575027007496026,-4439.7,3398.64
20.0,CS_BootstrappedUCB,42,76,85329,6,32,0.926829268292683,0.7037037037037037,0.8000000000000002,0.7515357668309834,-5934.75,4893.6900000000005
20.0,CS_BootstrappedUCB,43,83,85325,10,25,0.8924731182795699,0.7685185185185185,0.8258706467661692,0.7537264091346035,-4399.7,3358.64
20.0,CS_BootstrappedUCB,44,50,85332,3,58,0.9433962264150944,0.46296296296296297,0.6211180124223602,0.7519796265945549,-9024.72,7983.66
20.0,CS_BootstrappedUCB,45,75,85332,3,33,0.9615384615384616,0.6944444444444444,0.8064516129032258,0.7505616266003466,-4807.01,3765.9500000000003
20.0,CS_BootstrappedUCB,46,83,85325,10,25,0.8924731182795699,0.7685185185185185,0.8258706467661692,0.75337157168598,-4399.7,3358.64
20.0,CS_BootstrappedTS,42,74,85325,10,34,0.8809523809523809,0.6851851851851852,0.7708333333333335,0.7494579508367415,-4850.19,3809.1299999999997
20.0,CS_BootstrappedTS,43,82,85327,8,26,0.9111111111111111,0.7592592592592593,0.8282828282828282,0.7520095808519508,-4379.599999999999,3338.5399999999995
20.0,CS_BootstrappedTS,44,83,85325,10,25,0.8924731182795699,0.7685185185185185,0.8258706467661692,0.7561043358483949,-4399.7,3358.64
20.0,CS_BootstrappedTS,45,78,85326,9,30,0.896551724137931,0.7222222222222222,0.7999999999999999,0.7534531525464914,-6177.31,5136.25
20.0,CS_BootstrappedTS,46,82,85325,10,26,0.8913043478260869,0.7592592592592593,0.8200000000000001,0.7570288043684082,-4419.599999999999,3378.5399999999995
20.0,LM_EpsilonGreedy,42,68,81092,4243,40,0.01577360241243331,0.6296296296296297,0.030776193708983934,0.5437671699724378,-94634.66999999998,93593.60999999999
20.0,LM_EpsilonGreedy,43,75,80954,4381,33,0.016831238779174147,0.6944444444444444,0.03286590709903593,0.49076724263037547,-94750.92,93709.86
20.0,LM_EpsilonGreedy,44,68,80990,4345,40,0.015409018808067075,0.6296296296296297,0.0300818403008184,0.5375801065232355,-93715.7,92674.64
20.0,LM_EpsilonGreedy,45,78,81173,4162,30,0.01839622641509434,0.7222222222222222,0.035878564857405704,0.5643510623398821,-88853.02,87811.96
20.0,LM_EpsilonGreedy,46,59,81113,4222,49,0.013781826676010278,0.5462962962962963,0.02688539530644794,0.5303163864054591,-92440.51000000001,91399.45000000001
20.0,LM_LinUCB,42,81,85317,18,27,0.8181818181818182,0.75,0.7826086956521738,0.7732316573031277,-4637.48,3596.4199999999996
20.0,LM_LinUCB,43,75,85318,17,33,0.8152173913043478,0.6944444444444444,0.7499999999999999,0.7398554740056542,-5254.7699999999995,4213.709999999999
20.0,LM_LinUCB,44,81,85314,21,27,0.7941176470588235,0.75,0.7714285714285715,0.7735736999357431,-4697.48,3656.4199999999996
20.0,LM_LinUCB,45,82,85315,20,26,0.803921568627451,0.7592592592592593,0.780952380952381,0.7766427431917476,-4696.72,3655.6600000000003
20.0,LM_LinUCB,46,77,85316,19,31,0.8020833333333334,0.7129629629629629,0.7549019607843137,0.7613292337833492,-5324.72,4283.66
20.0,LM_LinTS,42,75,85327,8,33,0.9036144578313253,0.6944444444444444,0.7853403141361257,0.741183434143485,-5905.69,4864.629999999999
20.0,LM_LinTS,43,61,85327,8,47,0.8840579710144928,0.5648148148148148,0.6892655367231638,0.6809056943193742,-10747.12,9706.060000000001
20.0,LM_LinTS,44,82,85319,16,26,0.8367346938775511,0.7592592592592593,0.796116504854369,0.7807195796861393,-4776.09,3735.03
20.0,LM_LinTS,45,81,85320,15,27,0.84375,0.75,0.7941176470588235,0.7897659871048368,-4774.84,3733.78
20.0,LM_LinTS,46,55,85327,8,53,0.873015873015873,0.5092592592592593,0.6432748538011696,0.7145231671483784,-10739.019999999999,9697.96
20.0,LM_BootstrappedUCB,42,72,85330,5,36,0.935064935064935,0.6666666666666666,0.7783783783783784,0.6596647699273251,-6538.7300000000005,5497.67
20.0,LM_BootstrappedUCB,43,74,85327,8,34,0.9024390243902439,0.6851851851851852,0.7789473684210526,0.6705432004938066,-6292.96,5251.9
20.0,LM_BootstrappedUCB,44,75,85330,5,33,0.9375,0.6944444444444444,0.7978723404255319,0.6859456868713617,-6417.749999999999,5376.689999999999
20.0,LM_BootstrappedUCB,45,69,85330,5,39,0.9324324324324325,0.6388888888888888,0.7582417582417582,0.6347563825781797,-8269.86,7228.800000000001
20.0,LM_BootstrappedUCB,46,73,85333,2,35,0.9733333333333334,0.6759259259259259,0.7978142076502733,0.6703086570014354,-7164.14,6123.08
20.0,LM_BootstrappedTS,42,72,85330,5,36,0.935064935064935,0.6666666666666666,0.7783783783783784,0.6464169507475532,-4984.820000000001,3943.7600000000007
20.0,LM_BootstrappedTS,43,74,85329,6,34,0.925,0.6851851851851852,0.7872340425531915,0.6632043399764364,-6153.37,5112.3099999999995
20.0,LM_BootstrappedTS,44,77,85330,5,31,0.9390243902439024,0.7129629629629629,0.8105263157894737,0.6776120783522122,-5859.74,4818.68
20.0,LM_BootstrappedTS,45,69,85327,8,39,0.8961038961038961,0.6388888888888888,0.7459459459459459,0.6356066265862629,-8538.539999999999,7497.48
20.0,LM_BootstrappedTS,46,70,85328,7,38,0.9090909090909091,0.6481481481481481,0.7567567567567568,0.6222844759665473,-8065.03,7023.969999999999
20.0,LogisticRegression,,41,76895,8440,67,0.004834335573635185,0.37962962962962965,0.009547095121667251,0.7470716926962336,-169952.1,168911.04
20.0,RandomForest,42,38,85157,178,70,0.17592592592592593,0.35185185185185186,0.23456790123456792,0.8265550880002713,-5958.670000000001,4917.610000000001
20.0,RandomForest,43,37,85151,184,71,0.167420814479638,0.3425925925925926,0.2249240121580547,0.8212756300304096,-6416.620000000001,5375.560000000001
20.0,RandomForest,44,37,85163,172,71,0.17703349282296652,0.3425925925925926,0.23343848580441645,0.8224522167317802,-6176.620000000001,5135.560000000001
20.0,RandomForest,45,38,85158,177,70,0.17674418604651163,0.35185185185185186,0.23529411764705882,0.8227703166768275,-5938.670000000001,4897.610000000001
20.0,RandomForest,46,38,85138,197,70,0.16170212765957448,0.35185185185185186,0.22157434402332363,0.8182096793056296,-6338.670000000001,5297.610000000001
20.0,XGBoost,,35,85298,37,73,0.4861111111111111,0.32407407407407407,0.3888888888888889,0.7990362537074601,-4308.18,3267.1200000000003
50.0,CS_EpsilonGreedy,42,52,81035,4300,56,0.011948529411764705,0.48148148148148145,0.023318385650224212,0.7585737507948368,-227155.79,224909.89
50.0,CS_EpsilonGreedy,43,65,80979,4356,43,0.01470255598280932,0.6018518518518519,0.028703908147493927,0.7597453346833424,-227270.88999999998,225024.99
50.0,CS_EpsilonGreedy,44,68,81011,4324,40,0.015482695810564663,0.6296296296296297,0.03022222222222222,0.7547086103780072,-225883.27999999997,223637.37999999998
50.0,CS_EpsilonGreedy,45,46,81133,4202,62,0.010828625235404897,0.42592592592592593,0.021120293847566574,0.7557388618576621,-220841.59000000003,218595.69000000003
50.0,CS_EpsilonGreedy,46,73,81111,4224,35,0.01698859669536886,0.6759259259259259,0.03314415437003405,0.7560446283029815,-219460.66999999998,217214.77
50.0,CS_LinUCB,42,80,85324,11,28,0.8791208791208791,0.7407407407407407,0.8040201005025126,0.7109771148998577,-8604.680000000002,6358.7800000000025
50.0,CS_LinUCB,43,80,85324,11,28,0.8791208791208791,0.7407407407407407,0.8040201005025126,0.7108647144703245,-8604.680000000002,6358.7800000000025
50.0,CS_LinUCB,44,80,85324,11,28,0.8791208791208791,0.7407407407407407,0.8040201005025126,0.7108647144703245,-8604.680000000002,6358.7800000000025
50.0,CS_LinUCB,45,80,85324,11,28,0.8791208791208791,0.7407407407407407,0.8040201005025126,0.7108647144703245,-8604.680000000002,6358.7800000000025
50.0,CS_LinUCB,46,80,85324,11,28,0.8791208791208791,0.7407407407407407,0.8040201005025126,0.7108647144703245,-8604.680000000002,6358.7800000000025
50.0,CS_LinTS,42,82,85324,11,26,0.8817204301075269,0.7592592592592593,0.8159203980099504,0.7530267838045548,-8524.7,6278.800000000001
50.0,CS_LinTS,43,83,85323,12,25,0.8736842105263158,0.7685185185185185,0.8177339901477831,0.7550508871587033,-7289.700000000001,5043.800000000001
50.0,CS_LinTS,44,72,85330,5,36,0.935064935064935,0.6666666666666666,0.7783783783783784,0.751163652758702,-9886.94,7641.040000000001
50.0,CS_LinTS,45,79,85327,8,29,0.9080459770114943,0.7314814814814815,0.8102564102564103,0.7530852693907273,-7353.79,5107.889999999999
50.0,CS_LinTS,46,78,85326,9,30,0.896551724137931,0.7222222222222222,0.7999999999999999,0.7524492413900077,-8595.56,6349.66
50.0,CS_BootstrappedUCB,42,49,85332,3,59,0.9423076923076923,0.4537037037037037,0.6125,0.7509751257533417,-12069.65,9823.75
50.0,CS_BootstrappedUCB,43,75,85332,3,33,0.9615384615384616,0.6944444444444444,0.8064516129032258,0.7520244783411089,-8432.010000000002,6186.110000000002
50.0,CS_BootstrappedUCB,44,49,85332,3,59,0.9423076923076923,0.4537037037037037,0.6125,0.7511968720185781,-12069.65,9823.75
50.0,CS_BootstrappedUCB,45,75,85332,3,33,0.9615384615384616,0.6944444444444444,0.8064516129032258,0.7510017818822925,-8432.010000000002,6186.110000000002
50.0,CS_BootstrappedUCB,46,81,85328,7,27,0.9204545454545454,0.75,0.826530612244898,0.7316402456181879,-8260.560000000001,6014.660000000002
50.0,CS_BootstrappedTS,42,54,85331,4,54,0.9310344827586207,0.5,0.6506024096385543,0.7513723963377585,-10008.900000000001,7763.000000000002
50.0,CS_BootstrappedTS,43,40,85334,1,68,0.975609756097561,0.37037037037037035,0.5369127516778524,0.75354611614747,-13763.49,11517.59
50.0,CS_BootstrappedTS,44,83,85325,10,25,0.8924731182795699,0.7685185185185185,0.8258706467661692,0.7522956634978474,-7189.700000000001,4943.800000000001
50.0,CS_BootstrappedTS,45,60,85332,3,48,0.9523809523809523,0.5555555555555556,0.7017543859649122,0.7514358867098088,-9375.76,7129.860000000001
50.0,CS_BootstrappedTS,46,73,85332,3,35,0.9605263157894737,0.6759259259259259,0.7934782608695653,0.7527410096921506,-9238.410000000002,6992.510000000002
50.0,LM_EpsilonGreedy,42,68,81092,4243,40,0.01577360241243331,0.6296296296296297,0.030776193708983934,0.5437671699724378,-223964.67,221718.77000000002
50.0,LM_EpsilonGreedy,43,75,80954,4381,33,0.016831238779174147,0.6944444444444444,0.03286590709903593,0.49076724263037547,-228430.91999999998,226185.02
50.0,LM_EpsilonGreedy,44,68,80990,4345,40,0.015409018808067075,0.6296296296296297,0.0300818403008184,0.5375801065232355,-226105.69999999998,223859.8
50.0,LM_EpsilonGreedy,45,78,81173,4162,30,0.01839622641509434,0.7222222222222222,0.035878564857405704,0.5643510623398821,-216053.02000000002,213807.12000000002
50.0,LM_EpsilonGreedy,46,59,81113,4222,49,0.013781826676010278,0.5462962962962963,0.02688539530644794,0.5303163864054591,-220870.51,218624.61000000002
50.0,LM_LinUCB,42,81,85317,18,27,0.8181818181818182,0.75,0.7826086956521738,0.7732316573031277,-7607.480000000001,5361.580000000002
50.0,LM_LinUCB,43,75,85318,17,33,0.8152173913043478,0.6944444444444444,0.7499999999999999,0.7398554740056542,-8014.7699999999995,5768.869999999999
50.0,LM_LinUCB,44,81,85314,21,27,0.7941176470588235,0.75,0.7714285714285715,0.7735736999357431,-7757.480000000001,5511.580000000002
50.0,LM_LinUCB,45,82,85315,20,26,0.803921568627451,0.7592592592592593,0.780952380952381,0.7766427431917476,-7756.720000000001,5510.8200000000015
50.0,LM_LinUCB,46,77,85316,19,31,0.8020833333333334,0.7129629629629629,0.7549019607843137,0.7613292337833492,-8204.720000000001,5958.8200000000015
50.0,LM_LinTS,42,75,85327,8,33,0.9036144578313253,0.6944444444444444,0.7853403141361257,0.741183434143485,-8395.69,6149.790000000001
50.0,LM_LinTS,43,61,85327,8,47,0.8840579710144928,0.5648148148148148,0.6892655367231638,0.6809056943193742,-12817.12,10571.220000000001
50.0,LM_LinTS,44,82,85319,16,26,0.8367346938775511,0.7592592592592593,0.796116504854369,0.7807195796861393,-7716.090000000001,5470.1900000000005
50.0,LM_LinTS,45,81,85320,15,27,0.84375,0.75,0.7941176470588235,0.7897659871048368,-7654.840000000001,5408.9400000000005
50.0,LM_LinTS,46,55,85327,8,53,0.873015873015873,0.5092592592592593,0.6432748538011696,0.7145231671483784,-12629.019999999999,10383.119999999999
50.0,LM_BootstrappedUCB,42,72,85330,5,36,0.935064935064935,0.6666666666666666,0.7783783783783784,0.6596647699273251,-8848.730000000001,6602.830000000002
50.0,LM_BootstrappedUCB,43,74,85327,8,34,0.9024390243902439,0.6851851851851852,0.7789473684210526,0.6705432004938066,-8752.960000000001,6507.060000000001
50.0,LM_BootstrappedUCB,44,75,85330,5,33,0.9375,0.6944444444444444,0.7978723404255319,0.6859456868713617,-8817.750000000002,6571.850000000002
50.0,LM_BootstrappedUCB,45,69,85330,5,39,0.9324324324324325,0.6388888888888888,0.7582417582417582,0.6347563825781797,-10489.859999999999,8243.96
50.0,LM_BootstrappedUCB,46,73,85333,2,35,0.9733333333333334,0.6759259259259259,0.7978142076502733,0.6703086570014354,-9414.140000000001,7168.240000000002
50.0,LM_BootstrappedTS,42,72,85330,5,36,0.935064935064935,0.6666666666666666,0.7783783783783784,0.6464169507475532,-7294.819999999999,5048.919999999998
50.0,LM_BootstrappedTS,43,74,85329,6,34,0.925,0.6851851851851852,0.7872340425531915,0.6632043399764364,-8553.37,6307.470000000001
50.0,LM_BootstrappedTS,44,77,85330,5,31,0.9390243902439024,0.7129629629629629,0.8105263157894737,0.6776120783522122,-8319.74,6073.84
50.0,LM_BootstrappedTS,45,69,85327,8,39,0.8961038961038961,0.6388888888888888,0.7459459459459459,0.6356066265862629,-10848.540000000003,8602.640000000003
50.0,LM_BootstrappedTS,46,70,85328,7,38,0.9090909090909091,0.6481481481481481,0.7567567567567568,0.6222844759665473,-10375.03,8129.130000000001
50.0,LogisticRegression,,33,81207,4128,75,0.007930785868781542,0.3055555555555556,0.015460295151089246,0.7470716926962336,-208841.52,206595.62
50.0,RandomForest,42,29,85297,38,79,0.43283582089552236,0.26851851851851855,0.3314285714285714,0.8265550880002713,-5885.089999999999,3639.189999999999
50.0,RandomForest,43,28,85297,38,80,0.42424242424242425,0.25925925925925924,0.3218390804597701,0.8212756300304096,-6469.389999999999,4223.49
50.0,RandomForest,44,28,85298,37,80,0.4307692307692308,0.25925925925925924,0.32369942196531787,0.8224522167317802,-6419.389999999999,4173.49
50.0,RandomForest,45,28,85292,43,80,0.39436619718309857,0.25925925925925924,0.3128491620111732,0.8227703166768275,-6719.389999999999,4473.49
50.0,RandomForest,46,28,85291,44,80,0.3888888888888889,0.25925925925925924,0.3111111111111111,0.8182096793056296,-6769.389999999999,4523.49
50.0,XGBoost,,29,85312,23,79,0.5576923076923077,0.26851851851851855,0.3625,0.7990362537074601,-5718.02,3472.1200000000003
